{
  "subgraphs": [
    [
      0,
      1
    ],
    [
      2
    ],
    [
      3
    ],
    [
      4
    ]
  ],
  "granularities": [
    [
      128,
      128,
      128
    ],
    [
      128,
      128,
      128
    ],
    [
      128,
      128,
      128
    ],
    [
      128,
      128,
      1
    ]
  ],
  "tensors_to_retain": [
    [],
    [],
    [],
    []
  ],
  "traversal_orders": [
    [
      0,
      1,
      2,
      3,
      7,
      6,
      5,
      4,
      8,
      9,
      10,
      11,
      15,
      14,
      13,
      12
    ],
    [
      0,
      1,
      2,
      3,
      7,
      6,
      5,
      4,
      8,
      9,
      10,
      11,
      15,
      14,
      13,
      12
    ],
    [
      0,
      1,
      2,
      3,
      7,
      6,
      5,
      4,
      8,
      9,
      10,
      11,
      15,
      14,
      13,
      12
    ],
    null
  ],
  "subgraph_latencies": [
    160000,
    135321.60000000006,
    135321.60000000006,
    39321.59999999999
  ]
}