{
  "subgraphs": [
    [
      0
    ],
    [
      1
    ],
    [
      2
    ],
    [
      3
    ],
    [
      4
    ]
  ],
  "granularities": [
    [
      128,
      128,
      128
    ],
    [
      128,
      128,
      1
    ],
    [
      128,
      128,
      128
    ],
    [
      128,
      128,
      128
    ],
    [
      128,
      128,
      1
    ]
  ],
  "tensors_to_retain": [
    [],
    [],
    [],
    [],
    []
  ],
  "traversal_orders": [
    null,
    null,
    null,
    null,
    null
  ],
  "subgraph_latencies": [
    135321.60000000006,
    26214.400000000005,
    135321.60000000006,
    135321.60000000006,
    39321.59999999999
  ]
}