{
  "subgraphs": [
    [
      0
    ],
    [
      3
    ],
    [
      5
    ],
    [
      8
    ],
    [
      10
    ],
    [
      13
    ],
    [
      1
    ],
    [
      6
    ],
    [
      11
    ],
    [
      2
    ],
    [
      7
    ],
    [
      12
    ],
    [
      4
    ],
    [
      9
    ],
    [
      14
    ],
    [
      15
    ],
    [
      16
    ],
    [
      17
    ],
    [
      18
    ]
  ],
  "granularities": [
    [
      128,
      32,
      128
    ],
    [
      128,
      32,
      128
    ],
    [
      128,
      32,
      128
    ],
    [
      128,
      32,
      128
    ],
    [
      128,
      32,
      128
    ],
    [
      128,
      32,
      128
    ],
    [
      128,
      32,
      1
    ],
    [
      128,
      32,
      1
    ],
    [
      128,
      32,
      1
    ],
    [
      128,
      32,
      128
    ],
    [
      128,
      32,
      128
    ],
    [
      128,
      32,
      128
    ],
    [
      128,
      32,
      1
    ],
    [
      128,
      32,
      1
    ],
    [
      128,
      32,
      1
    ],
    [
      128,
      32,
      1
    ],
    [
      128,
      32,
      1
    ],
    [
      128,
      32,
      1
    ],
    [
      128,
      32,
      1
    ]
  ],
  "tensors_to_retain": [
    [],
    [],
    [],
    [],
    [],
    [],
    [],
    [],
    [],
    [],
    [],
    [],
    [],
    [],
    [],
    [],
    [],
    [],
    []
  ],
  "traversal_orders": [
    null,
    null,
    null,
    null,
    null,
    null,
    null,
    null,
    null,
    null,
    null,
    null,
    null,
    null,
    null,
    null,
    null,
    null,
    null
  ],
  "subgraph_latencies": [
    209715.19999999952,
    52428.800000000025,
    209715.19999999952,
    52428.800000000025,
    209715.19999999952,
    52428.800000000025,
    69905.06666666658,
    69905.06666666658,
    69905.06666666658,
    183500.80000000002,
    183500.80000000002,
    183500.80000000002,
    26214.400000000012,
    26214.400000000012,
    26214.400000000012,
    26214.400000000012,
    26214.400000000012,
    26214.400000000012,
    17476.266666666666
  ]
}